[
  {
    "doctype": "Hawkeye Alert",
    "alert_name": "New Lead Received",
    "active": 0,
    "color": "red"
  },
  {
    "doctype": "Hawkeye Alert",
    "alert_name": "Quotation Sent",
    "active": 0,
    "color": "green"
  },
  {
    "doctype": "Hawkeye Alert",
    "alert_name": "Agreement Pending",
    "active": 0,
    "color": "red"
  },
  {
    "doctype": "Hawkeye Alert",
    "alert_name": "Invoice Pending",
    "active": 0,
    "color": "yellow"
  },
  {
    "doctype": "Hawkeye Alert",
    "alert_name": "Payment Received",
    "active": 0,
    "color": "green"
  },
  {
    "doctype": "Hawkeye Alert",
    "alert_name": "Send Receipt",
    "active": 0,
    "color": "yellow"
  }
]